--
-- PostgreSQL database dump
--

-- Dumped from database version 16.1
-- Dumped by pg_dump version 16.1

SET statement_timeout = 0;
SET lock_timeout = 0;
SET idle_in_transaction_session_timeout = 0;
SET client_encoding = 'UTF8';
SET standard_conforming_strings = on;
SELECT pg_catalog.set_config('search_path', '', false);
SET check_function_bodies = false;
SET xmloption = content;
SET client_min_messages = warning;
SET row_security = off;

SET default_tablespace = '';

SET default_table_access_method = heap;

--
-- Name: state_ut_data; Type: TABLE; Schema: public; Owner: ouroboros
--

CREATE TABLE public.state_ut_data (
    su_id character(2) NOT NULL,
    sud_year integer NOT NULL,
    sud_cases_stolen integer,
    sud_value_stolen double precision,
    sud_cases_recovered integer,
    sud_value_recovered double precision,
    p_id integer NOT NULL,
    CONSTRAINT state_ut_data_check CHECK ((sud_value_recovered <= sud_value_stolen))
);


ALTER TABLE public.state_ut_data OWNER TO ouroboros;

--
-- Name: data_based_on_p_id; Type: VIEW; Schema: public; Owner: ouroboros
--

CREATE VIEW public.data_based_on_p_id AS
 SELECT p_id,
    sud_year,
    sum(sud_cases_stolen) AS "cases stolen",
    sum(sud_value_stolen) AS "value stolen",
    sum(sud_cases_recovered) AS "cases recovered",
    sum(sud_value_recovered) AS "value recovered"
   FROM public.state_ut_data sud
  GROUP BY p_id, sud_year
  ORDER BY p_id, sud_year;


ALTER VIEW public.data_based_on_p_id OWNER TO ouroboros;

--
-- Name: data_based_on_su_id; Type: VIEW; Schema: public; Owner: ouroboros
--

CREATE VIEW public.data_based_on_su_id AS
 SELECT su_id,
    sud_year,
    sum(sud_cases_stolen) AS "cases stolen",
    sum(sud_value_stolen) AS "value stolen",
    sum(sud_cases_recovered) AS "cases recovered",
    sum(sud_value_recovered) AS "value recovered"
   FROM public.state_ut_data sud
  GROUP BY su_id, sud_year
  ORDER BY su_id, sud_year;


ALTER VIEW public.data_based_on_su_id OWNER TO ouroboros;

--
-- Name: db_user; Type: TABLE; Schema: public; Owner: ouroboros
--

CREATE TABLE public.db_user (
    u_email character varying(320) NOT NULL,
    u_fname character varying(30),
    u_lname character varying(30),
    u_primary_phno bigint,
    u_acc_type character varying(10),
    u_passhash character(60),
    CONSTRAINT db_user_u_email_check CHECK (((u_email)::text ~~ '%@%'::text))
);


ALTER TABLE public.db_user OWNER TO ouroboros;

--
-- Name: property; Type: TABLE; Schema: public; Owner: ouroboros
--

CREATE TABLE public.property (
    p_id integer NOT NULL,
    p_name character varying(40)
);


ALTER TABLE public.property OWNER TO ouroboros;

--
-- Name: securitypolicy; Type: TABLE; Schema: public; Owner: ouroboros
--

CREATE TABLE public.securitypolicy (
    sp_id integer NOT NULL,
    sp_name character varying(50)
);


ALTER TABLE public.securitypolicy OWNER TO ouroboros;

--
-- Name: securitypolicy_state; Type: TABLE; Schema: public; Owner: ouroboros
--

CREATE TABLE public.securitypolicy_state (
    sp_id integer,
    su_id character(2),
    acc_lvl integer
);


ALTER TABLE public.securitypolicy_state OWNER TO ouroboros;

--
-- Name: state_ut; Type: TABLE; Schema: public; Owner: ouroboros
--

CREATE TABLE public.state_ut (
    su_id character(2) NOT NULL,
    su_name character varying(50)
);


ALTER TABLE public.state_ut OWNER TO ouroboros;

--
-- Name: temp; Type: TABLE; Schema: public; Owner: ouroboros
--

CREATE TABLE public.temp (
    su_id character(2),
    sud_year integer,
    sud_cases_stolen integer,
    sud_value_stolen double precision,
    sud_cases_recovered integer,
    sud_value_recovered double precision,
    p_id integer
);


ALTER TABLE public.temp OWNER TO ouroboros;

--
-- Name: user_securitypolicy; Type: TABLE; Schema: public; Owner: ouroboros
--

CREATE TABLE public.user_securitypolicy (
    u_email character varying(320) NOT NULL,
    sp_id integer NOT NULL
);


ALTER TABLE public.user_securitypolicy OWNER TO ouroboros;

--
-- Data for Name: db_user; Type: TABLE DATA; Schema: public; Owner: ouroboros
--

COPY public.db_user (u_email, u_fname, u_lname, u_primary_phno, u_acc_type, u_passhash) FROM stdin;
MFDOOM@gmail.com	MF	Madvillainy	345678901	user	$2b$10$2f7kLaPnSGd5tqtHvBkkKeZWbt8ZPStMKsIYiVoI.bdfrSv7ftTx.
lamar@gmail.com	Kendrick	GKMC	234567890	admin	$2b$10$IAbfGrXWhSJmY2RC1rvESum.3MRoM9rc01hVW/iUrDZ3NHke7pMEW
wayne@gmail.com	Weezy	Carter	456789012	user	$2b$10$bu9HeoFz/nhPnwW82kGfQefWJ05TB4jNg/8iskkOOcCGp3a6FDZni
mac@gmail.com	Mac	Swimming	567890123	user	$2b$10$csvIWq63XpxpPHV2poFyi.2dXEOg7E9qDqu7Eoj1yTpWLkrvLdUSa
nas@gmail.com	Nas	Illmatic	123456789	admin	$2b$10$H4EzbX.IWQDg4T5mL.93a./A1FJ3hP7ICakgfhKB8qFs3SQsQ7Kvu
\.


--
-- Data for Name: property; Type: TABLE DATA; Schema: public; Owner: ouroboros
--

COPY public.property (p_id, p_name) FROM stdin;
1	Motor Vehicles
2	Electronic Gadgets
3	Cash/Jewellery
4	Household Articles/Furniture
5	Cultural Property including Antiques
6	Cattle/other Animals
7	Cycles
8	Other Kinds of Property Stolen
\.


--
-- Data for Name: securitypolicy; Type: TABLE DATA; Schema: public; Owner: ouroboros
--

COPY public.securitypolicy (sp_id, sp_name) FROM stdin;
1	North
2	South
3	West
4	East
\.


--
-- Data for Name: securitypolicy_state; Type: TABLE DATA; Schema: public; Owner: ouroboros
--

COPY public.securitypolicy_state (sp_id, su_id, acc_lvl) FROM stdin;
1	CH	1
1	DL	1
1	HR	1
1	HP	1
1	JK	1
1	LA	1
1	PB	1
1	RJ	1
1	CG	1
1	MP	1
1	UK	1
1	UP	1
2	CH	0
2	DL	0
2	HR	0
2	HP	0
2	JK	0
2	LA	0
2	PB	0
2	RJ	0
2	CG	0
2	MP	0
2	UK	0
2	UP	0
3	CH	0
3	DL	0
3	HR	0
3	HP	0
3	JK	0
3	LA	0
3	PB	0
3	RJ	0
3	CG	0
3	MP	0
3	UK	0
3	UP	0
4	CH	0
4	DL	0
4	HR	0
4	HP	0
4	JK	0
4	LA	0
4	PB	0
4	RJ	0
4	CG	0
4	MP	0
4	UK	0
4	UP	0
1	AP	0
1	TG	0
1	TN	0
1	TS	0
1	KA	0
1	KL	0
1	PY	0
1	LD	0
1	AN	0
1	OT	0
2	AP	1
2	TG	1
2	TN	1
2	TS	1
2	KA	1
2	KL	1
2	PY	1
2	LD	1
2	AN	1
2	OT	1
3	AP	0
3	TG	0
3	TN	0
3	TS	0
3	KA	0
3	KL	0
3	PY	0
3	LD	0
3	AN	0
3	OT	0
4	AP	0
4	TG	0
4	TN	0
4	TS	0
4	KA	0
4	KL	0
4	PY	0
4	LD	0
4	AN	0
4	OT	0
1	DN	0
1	DD	0
1	GA	0
1	GJ	0
1	MH	0
2	DN	0
2	DD	0
2	GA	0
2	GJ	0
2	MH	0
3	DN	1
3	DD	1
3	GA	1
3	GJ	1
3	MH	1
4	DN	0
4	DD	0
4	GA	0
4	GJ	0
4	MH	0
1	BR	0
1	JH	0
1	OD	0
1	WB	0
1	AS	0
1	AR	0
1	MN	0
1	ML	0
1	MZ	0
1	SK	0
1	NL	0
1	TR	0
2	BR	0
2	JH	0
2	OD	0
2	WB	0
2	AS	0
2	AR	0
2	MN	0
2	ML	0
2	MZ	0
2	SK	0
2	NL	0
2	TR	0
3	BR	0
3	JH	0
3	OD	0
3	WB	0
3	AS	0
3	AR	0
3	MN	0
3	ML	0
3	MZ	0
3	SK	0
3	NL	0
3	TR	0
4	BR	1
4	JH	1
4	OD	1
4	WB	1
4	AS	1
4	AR	1
4	MN	1
4	ML	1
4	MZ	1
4	SK	1
4	NL	1
4	TR	1
\.


--
-- Data for Name: state_ut; Type: TABLE DATA; Schema: public; Owner: ouroboros
--

COPY public.state_ut (su_id, su_name) FROM stdin;
AR	Arunachal Pradesh
AS	Assam
BR	Bihar
CG	Chattisgarh
DL	Delhi
GA	Goa
GJ	Gujarat
HR	Haryana
HP	Himachal Pradesh
JK	Jammu and Kashmir
JH	Jharkhand
KA	Karnataka
KL	Kerala
LD	Lakshadweep Islands
MP	Madhya Pradesh
MH	Maharashtra
MN	Manipur
ML	Meghalaya
MZ	Mizoram
NL	Nagaland
OD	Odisha
PY	Pondicherry
PB	Punjab
RJ	Rajasthan
SK	Sikkim
TN	Tamil Nadu
TS	Telangana
TR	Tripura
UP	Uttar Pradesh
UK	Uttarakhand
WB	West Bengal
AN	Andaman and Nicobar Islands
CH	Chandigarh
DN	Dadra & Nagar Haveli
DD	Daman & Diu
LA	Ladakh
OT	Other Territory
AP	Andhra Pradesh
TG	Telangana
\.


--
-- Data for Name: state_ut_data; Type: TABLE DATA; Schema: public; Owner: ouroboros
--

COPY public.state_ut_data (su_id, sud_year, sud_cases_stolen, sud_value_stolen, sud_cases_recovered, sud_value_recovered, p_id) FROM stdin;
AR	2016	2490	113.2	1023	46.5	1
AS	2016	283	12.9	48	2.2	1
BR	2016	2072	94.2	429	19.5	1
CG	2016	2204	100.2	435	19.8	1
DL	2016	948	43.1	319	14.5	1
GA	2016	204	9.3	46	2.1	1
GJ	2016	4567	207.6	1386	63	1
HR	2016	5753	261.5	1689	76.8	1
HP	2016	431	19.6	189	8.6	1
JK	2016	550	25	248	11.3	1
JH	2016	613	27.9	129	5.9	1
KA	2016	6085	276.6	2316	105.3	1
KL	2016	1828	83.1	400	18.2	1
LD	2016	5207	236.7	1597	72.6	1
MP	2016	74168	3371.3	5871	266.9	1
MH	2016	189	8.6	66	3	1
MN	2016	330	15	37	1.7	1
ML	2016	195	8.9	77	3.5	1
MZ	2016	178	8.1	41	1.9	1
NL	2016	2448	111.3	624	28.4	1
OD	2016	2332	106	853	38.8	1
PY	2016	5282	240.1	2890	131.4	1
PB	2016	41	1.9	17	0.8	1
RJ	2016	3011	136.9	2013	91.5	1
SK	2016	2499	113.6	1339	60.9	1
TN	2016	52	2.4	15	0.7	1
TS	2016	13862	630.1	3689	167.7	1
TR	2016	292	13.3	158	7.2	1
UP	2016	3484	158.4	543	24.7	1
UK	2016	17	0.8	6	0.3	1
WB	2016	176	8	61	2.8	1
AN	2016	92	4.2	30	1.4	1
CH	2016	24	1.1	13	0.6	1
DN	2016	72133	3278.8	3454	157	1
DD	2016	0	0	0	0	1
LA	2016	79	3.6	30	1.4	1
OT	2016	178	8.1	41	1.9	1
AP	2016	2448	111.3	624	28.4	1
AR	2016	1276	58	587	26.7	2
AS	2016	2785	126.6	2435	110.7	2
BR	2016	2362	107.4	1865	84.8	2
CG	2016	506	23	107	4.9	2
DL	2016	2899	131.8	2030	92.3	2
GA	2016	2508	114	547	24.9	2
GJ	2016	3128	142.2	2437	110.8	2
HR	2016	1135	51.6	327	14.9	2
HP	2016	1368	62.2	607	27.6	2
JK	2016	2655	120.7	1817	82.6	2
JH	2016	1148	52.2	68	3.1	2
KA	2016	2970	135	985	44.8	2
KL	2016	750	34.1	686	31.2	2
LD	2016	1982	90.1	990	45	2
MP	2016	2642	120.1	1999	90.9	2
MH	2016	2371	107.8	1410	64.1	2
MN	2016	939	42.7	864	39.3	2
ML	2016	1267	57.6	688	31.3	2
MZ	2016	1326	60.3	266	12.1	2
NL	2016	2767	125.8	2393	108.8	2
OD	2016	231	10.5	228	10.4	2
PY	2016	2074	94.3	600	27.3	2
PB	2016	1975	89.8	242	11	2
RJ	2016	499	22.7	334	15.2	2
SK	2016	1152	52.4	950	43.2	2
TN	2016	565	25.7	363	16.5	2
TS	2016	517	23.5	61	2.8	2
TR	2016	1135	51.6	954	43.4	2
UP	2016	961	43.7	671	30.5	2
UK	2016	110	5	68	3.1	2
WB	2016	2208	100.4	1707	77.6	2
AN	2016	1240	56.4	462	21	2
CH	2016	1401	63.7	6	0.3	2
DN	2016	1265	57.5	209	9.5	2
DD	2016	3163	143.8	567	25.8	2
LA	2016	312	14.2	217	9.9	2
OT	2016	1975	89.8	242	11	2
AP	2016	499	22.7	334	15.2	2
AR	2016	794	36.1	737	33.5	3
AS	2016	481	21.9	213	9.7	3
BR	2016	508	23.1	167	7.6	3
CG	2016	2620	119.1	2448	111.3	3
DL	2016	127	5.8	37	1.7	3
GA	2016	924	42	875	39.8	3
GJ	2016	1564	71.1	316	14.4	3
HR	2016	2054	93.4	1104	50.2	3
HP	2016	1991	90.5	1529	69.5	3
JK	2016	1152	52.4	101	4.6	3
JH	2016	26	1.2	8	0.4	3
KA	2016	2054	93.4	622	28.3	3
KL	2016	690	31.4	578	26.3	3
LD	2016	356	16.2	99	4.5	3
MP	2016	750	34.1	583	26.5	3
MH	2016	1432	65.1	726	33	3
MN	2016	2142	97.4	1298	59	3
ML	2016	2686	122.1	1810	82.3	3
MZ	2016	3269	148.6	2734	124.3	3
NL	2016	2266	103	2224	101.1	3
OD	2016	470	21.4	277	12.6	3
PY	2016	2246	102.1	1183	53.8	3
PB	2016	2743	124.7	605	27.5	3
RJ	2016	2112	96	226	10.3	3
SK	2016	2105	95.7	1262	57.4	3
TN	2016	1795	81.6	778	35.4	3
TS	2016	2274	103.4	1504	68.4	3
TR	2016	2250	102.3	437	19.9	3
UP	2016	1438	65.4	761	34.6	3
UK	2016	1533	69.7	745	33.9	3
WB	2016	3018	137.2	1526	69.4	3
AN	2016	906	41.2	94	4.3	3
CH	2016	277	12.6	81	3.7	3
DN	2016	1150	52.3	589	26.8	3
DD	2016	1531	69.6	1357	61.7	3
LA	2016	2376	108	2006	91.2	3
OT	2016	3018	137.2	1526	69.4	3
AP	2016	906	41.2	94	4.3	3
AR	2016	1944	88.4	721	32.8	4
AS	2016	125	5.7	96	4.4	4
BR	2016	2015	91.6	640	29.1	4
CG	2016	1982	90.1	1146	52.1	4
DL	2016	2948	134	1313	59.7	4
GA	2016	1095	49.8	697	31.7	4
GJ	2016	1430	65	1038	47.2	4
HR	2016	325	14.8	46	2.1	4
HP	2016	435	19.8	371	16.9	4
JK	2016	123	5.6	110	5	4
JH	2016	2534	115.2	327	14.9	4
KA	2016	2543	115.6	1557	70.8	4
KL	2016	187	8.5	33	1.5	4
LD	2016	2261	102.8	1551	70.5	4
MP	2016	437	19.9	242	11	4
MH	2016	2741	124.6	1971	89.6	4
MN	2016	499	22.7	140	6.4	4
ML	2016	2503	113.8	1738	79	4
MZ	2016	2541	115.5	2373	107.9	4
NL	2016	1361	61.9	1326	60.3	4
OD	2016	1628	74	1482	67.4	4
PY	2016	3282	149.2	259	11.8	4
PB	2016	833	37.9	429	19.5	4
RJ	2016	1223	55.6	1181	53.7	4
SK	2016	376	17.1	330	15	4
TN	2016	611	27.8	580	26.4	4
TS	2016	259	11.8	19	0.9	4
TR	2016	2226	101.2	1023	46.5	4
UP	2016	22	1	8	0.4	4
UK	2016	3278	149	2479	112.7	4
WB	2016	464	21.1	446	20.3	4
AN	2016	1933	87.9	657	29.9	4
CH	2016	840	38.2	838	38.1	4
DN	2016	195	8.9	48	2.2	4
DD	2016	2538	115.4	1456	66.2	4
LA	2016	1139	51.8	294	13.4	4
OT	2016	2503	113.8	1738	79	4
AP	2016	2541	115.5	2373	107.9	4
AR	2016	2019	91.8	360	16.4	5
AS	2016	2967	134.9	330	15	5
BR	2016	231	10.5	191	8.7	5
CG	2016	2136	97.1	341	15.5	5
DL	2016	2633	119.7	1865	84.8	5
GA	2016	2230	101.4	2138	97.2	5
GJ	2016	3031	137.8	334	15.2	5
HR	2016	1597	72.6	796	36.2	5
HP	2016	1049	47.7	1001	45.5	5
JK	2016	1559	70.9	633	28.8	5
JH	2016	2765	125.7	2	0.1	5
KA	2016	666	30.3	336	15.3	5
KL	2016	655	29.8	305	13.9	5
LD	2016	2477	112.6	2378	108.1	5
MP	2016	3161	143.7	411	18.7	5
MH	2016	1392	63.3	1254	57	5
MN	2016	1636	74.4	1570	71.4	5
ML	2016	875	39.8	587	26.7	5
MZ	2016	1535	69.8	853	38.8	5
NL	2016	1570	71.4	1260	57.3	5
OD	2016	1020	46.4	433	19.7	5
PY	2016	2202	100.1	407	18.5	5
PB	2016	3181	144.6	660	30	5
RJ	2016	2367	107.6	1518	69	5
SK	2016	1449	65.9	354	16.1	5
TN	2016	1269	57.7	748	34	5
TS	2016	3295	149.8	1612	73.3	5
TR	2016	816	37.1	33	1.5	5
UP	2016	2323	105.6	136	6.2	5
UK	2016	1062	48.3	446	20.3	5
WB	2016	1938	88.1	671	30.5	5
AN	2016	1364	62	112	5.1	5
CH	2016	2367	107.6	1097	49.9	5
DN	2016	2123	96.5	591	26.9	5
DD	2016	2534	115.2	701	31.9	5
LA	2016	2783	126.5	2329	105.9	5
OT	2016	2367	107.6	1518	69	5
AP	2016	1449	65.9	354	16.1	5
AR	2016	1713	77.9	853	38.8	6
AS	2016	635	28.9	613	27.9	6
BR	2016	2651	120.5	1480	67.3	6
CG	2016	2908	132.2	1108	50.4	6
DL	2016	2173	98.8	748	34	6
GA	2016	2290	104.1	1810	82.3	6
GJ	2016	820	37.3	448	20.4	6
HR	2016	206	9.4	138	6.3	6
HP	2016	1546	70.3	4	0.2	6
JK	2016	1029	46.8	684	31.1	6
JH	2016	140	6.4	85	3.9	6
KA	2016	1995	90.7	1139	51.8	6
KL	2016	435	19.8	4	0.2	6
LD	2016	2816	128	1654	75.2	6
MP	2016	1324	60.2	1177	53.5	6
MH	2016	2360	107.3	2180	99.1	6
MN	2016	624	28.4	81	3.7	6
ML	2016	2017	91.7	552	25.1	6
MZ	2016	1903	86.5	1058	48.1	6
NL	2016	1322	60.1	1102	50.1	6
OD	2016	55	2.5	6	0.3	6
PY	2016	451	20.5	125	5.7	6
PB	2016	1326	60.3	981	44.6	6
RJ	2016	1309	59.5	1179	53.6	6
SK	2016	2105	95.7	1249	56.8	6
TN	2016	415	18.9	112	5.1	6
TS	2016	2879	130.9	411	18.7	6
TR	2016	1432	65.1	814	37	6
UP	2016	2567	116.7	937	42.6	6
UK	2016	3029	137.7	404	18.4	6
WB	2016	1210	55	1201	54.6	6
AN	2016	3278	149	2877	130.8	6
CH	2016	1047	47.6	24	1.1	6
DN	2016	1520	69.1	1080	49.1	6
DD	2016	620	28.2	484	22	6
LA	2016	3055	138.9	2365	107.5	6
OT	2016	1309	59.5	1179	53.6	6
AP	2016	2105	95.7	1249	56.8	6
AR	2016	2582	117.4	1317	59.9	7
AS	2016	2864	130.2	1988	90.4	7
BR	2016	2142	97.4	1848	84	7
CG	2016	3236	147.1	939	42.7	7
DL	2016	1062	48.3	578	26.3	7
GA	2016	2877	130.8	728	33.1	7
GJ	2016	723	32.9	112	5.1	7
HR	2016	607	27.6	55	2.5	7
HP	2016	103	4.7	4	0.2	7
JK	2016	1300	59.1	842	38.3	7
JH	2016	719	32.7	497	22.6	7
KA	2016	2690	122.3	37	1.7	7
KL	2016	660	30	609	27.7	7
LD	2016	171	7.8	169	7.7	7
MP	2016	72	3.3	44	2	7
MH	2016	2422	110.1	33	1.5	7
MN	2016	374	17	310	14.1	7
ML	2016	2919	132.7	547	24.9	7
MZ	2016	94	4.3	66	3	7
NL	2016	2670	121.4	1903	86.5	7
OD	2016	2662	121	1324	60.2	7
PY	2016	2292	104.2	437	19.9	7
PB	2016	2822	128.3	697	31.7	7
RJ	2016	112	5.1	11	0.5	7
SK	2016	367	16.7	61	2.8	7
TN	2016	772	35.1	534	24.3	7
TS	2016	442	20.1	286	13	7
TR	2016	1852	84.2	1636	74.4	7
UP	2016	1062	48.3	444	20.2	7
UK	2016	1903	86.5	387	17.6	7
WB	2016	294	13.4	52	2.4	7
AN	2016	1511	68.7	633	28.8	7
CH	2016	2281	103.7	1632	74.2	7
DN	2016	1907	86.7	660	30	7
DD	2016	3064	139.3	651	29.6	7
LA	2016	347	15.8	246	11.2	7
OT	2016	94	4.3	66	3	7
AP	2016	2670	121.4	1903	86.5	7
AR	2016	1878	85.4	1507	68.5	8
AS	2016	805	36.6	523	23.8	8
BR	2016	2191	99.6	479	21.8	8
CG	2016	627	28.5	118	5.4	8
DL	2016	3106	141.2	2303	104.7	8
GA	2016	2677	121.7	2578	117.2	8
GJ	2016	2884	131.1	589	26.8	8
HR	2016	2824	128.4	528	24	8
HP	2016	629	28.6	378	17.2	8
JK	2016	2173	98.8	1900	86.4	8
JH	2016	708	32.2	39	1.8	8
KA	2016	1843	83.8	919	41.8	8
KL	2016	2527	114.9	59	2.7	8
LD	2016	257	11.7	226	10.3	8
MP	2016	1799	81.8	1592	72.4	8
MH	2016	3205	145.7	547	24.9	8
MN	2016	79	3.6	2	0.1	8
ML	2016	1907	86.7	431	19.6	8
MZ	2016	1093	49.7	316	14.4	8
NL	2016	2455	111.6	1632	74.2	8
OD	2016	363	16.5	39	1.8	8
PY	2016	3256	148	1874	85.2	8
PB	2016	3152	143.3	961	43.7	8
RJ	2016	132	6	17	0.8	8
SK	2016	1427	64.9	407	18.5	8
TN	2016	1377	62.6	380	17.3	8
TS	2016	2763	125.6	277	12.6	8
TR	2016	2219	100.9	446	20.3	8
UP	2016	1438	65.4	805	36.6	8
UK	2016	2101	95.5	594	27	8
WB	2016	402	18.3	125	5.7	8
AN	2016	514	23.4	55	2.5	8
CH	2016	1137	51.7	2	0.1	8
DN	2016	1361	61.9	19	0.9	8
DD	2016	668	30.4	602	27.4	8
LA	2016	638	29	270	12.3	8
OT	2016	1907	86.7	431	19.6	8
AP	2016	1093	49.7	316	14.4	8
AR	2015	4359	121.1	1987	55.2	1
AS	2015	586	16.3	244	6.8	1
BR	2015	2941	81.7	399	11.1	1
CG	2015	4330	120.3	612	17	1
DL	2015	1666	46.3	669	18.6	1
GA	2015	273	7.6	54	1.5	1
GJ	2015	9788	271.9	1958	54.4	1
HR	2015	6091	169.2	2224	61.8	1
HP	2015	540	15	205	5.7	1
JK	2015	921	25.6	349	9.7	1
JH	2015	1216	33.8	284	7.9	1
KA	2015	9637	267.7	3744	104	1
KL	2015	3466	96.3	918	25.5	1
LD	2015	10350	287.5	2646	73.5	1
MP	2015	163220	4533.9	8352	232	1
MH	2015	388	10.8	54	1.5	1
MN	2015	2034	56.5	108	3	1
ML	2015	424	11.8	140	3.9	1
MZ	2015	468	13	90	2.5	1
NL	2015	4010	111.4	1260	35	1
OD	2015	3805	105.7	2138	59.4	1
PY	2015	9338	259.4	4906	136.3	1
PB	2015	90	2.5	32	0.9	1
RJ	2015	4723	131.2	3088	85.8	1
SK	2015	3538	98.3	2044	56.8	1
TN	2015	2340	65	36	1	1
TS	2015	10670	296.4	3762	104.5	1
TR	2015	406	11.3	194	5.4	1
UP	2015	7196	199.9	1148	31.9	1
UK	2015	79	2.2	61	1.7	1
WB	2015	327	9.1	165	4.6	1
AN	2015	183	5.1	93	2.6	1
CH	2015	82	2.3	18	0.5	1
DN	2015	25916	719.9	4536	126	1
DD	2015	0	0	0	0	1
LA	2015	154	4.3	79	2.2	1
OT	2015	79	2.2	61	1.7	1
AP	2015	327	9.1	165	4.6	1
AR	2015	849	38.6	512	23.3	2
AS	2015	1482	67.4	1172	53.3	2
BR	2015	1331	60.5	1328	60.4	2
CG	2015	719	32.7	398	18.1	2
DL	2015	35	1.6	15	0.7	2
GA	2015	404	18.4	143	6.5	2
GJ	2015	1542	70.1	506	23	2
HR	2015	455	20.7	149	6.8	2
HP	2015	182	8.3	138	6.3	2
JK	2015	796	36.2	543	24.7	2
JH	2015	1810	82.3	233	10.6	2
KA	2015	1999	90.9	651	29.6	2
KL	2015	1432	65.1	279	12.7	2
LD	2015	1025	46.6	737	33.5	2
MP	2015	1493	67.9	154	7	2
MH	2015	1089	49.5	734	33.4	2
MN	2015	836	38	677	30.8	2
ML	2015	510	23.2	435	19.8	2
MZ	2015	145	6.6	35	1.6	2
NL	2015	132	6	125	5.7	2
OD	2015	1181	53.7	136	6.2	2
PY	2015	1139	51.8	1029	46.8	2
PB	2015	677	30.8	176	8	2
RJ	2015	950	43.2	737	33.5	2
SK	2015	1205	54.8	52	2.4	2
TN	2015	1630	74.1	1051	47.8	2
TS	2015	1964	89.3	1249	56.8	2
TR	2015	129	5.9	99	4.5	2
UP	2015	668	30.4	462	21	2
UK	2015	488	22.2	413	18.8	2
WB	2015	1557	70.8	572	26	2
AN	2015	277	12.6	268	12.2	2
CH	2015	1599	72.7	68	3.1	2
DN	2015	1683	76.5	187	8.5	2
DD	2015	1460	66.4	1069	48.6	2
LA	2015	259	11.8	11	0.5	2
OT	2015	950	43.2	737	33.5	2
AP	2015	1205	54.8	52	2.4	2
AR	2015	1630	74.1	413	18.8	3
AS	2015	391	17.8	165	7.5	3
BR	2015	1093	49.7	30	1.4	3
CG	2015	1546	70.3	217	9.9	3
DL	2015	811	36.9	338	15.4	3
GA	2015	1872	85.1	701	31.9	3
GJ	2015	1064	48.4	677	30.8	3
HR	2015	2131	96.9	519	23.6	3
HP	2015	85	3.9	44	2	3
JK	2015	690	31.4	591	26.9	3
JH	2015	1001	45.5	792	36	3
KA	2015	1225	55.7	1188	54	3
KL	2015	541	24.6	319	14.5	3
LD	2015	1205	54.8	308	14	3
MP	2015	869	39.5	338	15.4	3
MH	2015	1727	78.5	44	2	3
MN	2015	30	1.4	22	1	3
ML	2015	1795	81.6	1441	65.5	3
MZ	2015	1375	62.5	970	44.1	3
NL	2015	1953	88.8	1157	52.6	3
OD	2015	1590	72.3	1280	58.2	3
PY	2015	1687	76.7	6	0.3	3
PB	2015	19	0.9	13	0.6	3
RJ	2015	992	45.1	787	35.8	3
SK	2015	37	1.7	15	0.7	3
TN	2015	244	11.1	11	0.5	3
TS	2015	543	24.7	376	17.1	3
TR	2015	1262	57.4	1029	46.8	3
UP	2015	838	38.1	299	13.6	3
UK	2015	655	29.8	209	9.5	3
WB	2015	103	4.7	6	0.3	3
AN	2015	805	36.6	666	30.3	3
CH	2015	1608	73.1	270	12.3	3
DN	2015	121	5.5	68	3.1	3
DD	2015	107	4.9	39	1.8	3
LA	2015	1511	68.7	1091	49.6	3
OT	2015	1590	72.3	1280	58.2	3
AP	2015	1687	76.7	6	0.3	3
AR	2015	510	23.2	358	16.3	4
AS	2015	1881	85.5	552	25.1	4
BR	2015	1427	64.9	407	18.5	4
CG	2015	961	43.7	957	43.5	4
DL	2015	211	9.6	156	7.1	4
GA	2015	83	3.8	26	1.2	4
GJ	2015	1161	52.8	591	26.9	4
HR	2015	116	5.3	81	3.7	4
HP	2015	717	32.6	151	6.9	4
JK	2015	525	23.9	323	14.7	4
JH	2015	409	18.6	165	7.5	4
KA	2015	2109	95.9	576	26.2	4
KL	2015	2197	99.9	1845	83.9	4
LD	2015	204	9.3	173	7.9	4
MP	2015	1782	81	851	38.7	4
MH	2015	1964	89.3	1339	60.9	4
MN	2015	1491	67.8	528	24	4
ML	2015	974	44.3	726	33	4
MZ	2015	330	15	261	11.9	4
NL	2015	2156	98	763	34.7	4
OD	2015	411	18.7	312	14.2	4
PY	2015	134	6.1	72	3.3	4
PB	2015	1458	66.3	558	25.4	4
RJ	2015	1861	84.6	686	31.2	4
SK	2015	1298	59	255	11.6	4
TN	2015	2094	95.2	1141	51.9	4
TS	2015	1929	87.7	682	31	4
TR	2015	1546	70.3	750	34.1	4
UP	2015	1757	79.9	1238	56.3	4
UK	2015	387	17.6	301	13.7	4
WB	2015	90	4.1	17	0.8	4
AN	2015	2015	91.6	52	2.4	4
CH	2015	224	10.2	55	2.5	4
DN	2015	184	8.4	162	7.4	4
DD	2015	877	39.9	697	31.7	4
LA	2015	1390	63.2	1141	51.9	4
OT	2015	1929	87.7	682	31	4
AP	2015	1546	70.3	750	34.1	4
AR	2015	992	45.1	39	1.8	5
AS	2015	1936	88	1073	48.8	5
BR	2015	1507	68.5	952	43.3	5
CG	2015	668	30.4	629	28.6	5
DL	2015	1977	89.9	952	43.3	5
GA	2015	352	16	319	14.5	5
GJ	2015	1471	66.9	2	0.1	5
HR	2015	748	34	184	8.4	5
HP	2015	622	28.3	191	8.7	5
JK	2015	1467	66.7	829	37.7	5
JH	2015	2059	93.6	1487	67.6	5
KA	2015	365	16.6	202	9.2	5
KL	2015	2125	96.6	1060	48.2	5
LD	2015	585	26.6	22	1	5
MP	2015	1106	50.3	847	38.5	5
MH	2015	1988	90.4	1845	83.9	5
MN	2015	1141	51.9	1073	48.8	5
ML	2015	730	33.2	319	14.5	5
MZ	2015	1282	58.3	466	21.2	5
NL	2015	1443	65.6	1282	58.3	5
OD	2015	1095	49.8	105	4.8	5
PY	2015	1474	67	264	12	5
PB	2015	1181	53.7	1031	46.9	5
RJ	2015	873	39.7	275	12.5	5
SK	2015	803	36.5	156	7.1	5
TN	2015	915	41.6	116	5.3	5
TS	2015	1469	66.8	778	35.4	5
TR	2015	1931	87.8	1159	52.7	5
UP	2015	15	0.7	2	0.1	5
UK	2015	1590	72.3	1568	71.3	5
WB	2015	640	29.1	145	6.6	5
AN	2015	851	38.7	303	13.8	5
CH	2015	787	35.8	521	23.7	5
DN	2015	202	9.2	61	2.8	5
DD	2015	1625	73.9	1036	47.1	5
LA	2015	528	24	426	19.4	5
OT	2015	1443	65.6	1282	58.3	5
AP	2015	1095	49.8	105	4.8	5
AR	2015	847	38.5	231	10.5	6
AS	2015	1344	61.1	1053	47.9	6
BR	2015	1551	70.5	1003	45.6	6
CG	2015	2105	95.7	1423	64.7	6
DL	2015	589	26.8	481	21.9	6
GA	2015	2171	98.7	607	27.6	6
GJ	2015	327	14.9	140	6.4	6
HR	2015	759	34.5	290	13.2	6
HP	2015	470	21.4	66	3	6
JK	2015	811	36.9	479	21.8	6
JH	2015	211	9.6	127	5.8	6
KA	2015	1416	64.4	459	20.9	6
KL	2015	1922	87.4	884	40.2	6
LD	2015	30	1.4	17	0.8	6
MP	2015	510	23.2	143	6.5	6
MH	2015	875	39.8	279	12.7	6
MN	2015	96	4.4	22	1	6
ML	2015	2041	92.8	1071	48.7	6
MZ	2015	1449	65.9	1124	51.1	6
NL	2015	1892	86	1817	82.6	6
OD	2015	420	19.1	77	3.5	6
PY	2015	1698	77.2	393	17.9	6
PB	2015	853	38.8	61	2.8	6
RJ	2015	1174	53.4	396	18	6
SK	2015	572	26	242	11	6
TN	2015	1344	61.1	301	13.7	6
TS	2015	1931	87.8	167	7.6	6
TR	2015	719	32.7	48	2.2	6
UP	2015	1837	83.5	200	9.1	6
UK	2015	884	40.2	464	21.1	6
WB	2015	1740	79.1	739	33.6	6
AN	2015	1722	78.3	1592	72.4	6
CH	2015	1062	48.3	981	44.6	6
DN	2015	290	13.2	6	0.3	6
DD	2015	1375	62.5	611	27.8	6
LA	2015	1414	64.3	1128	51.3	6
OT	2015	1837	83.5	200	9.1	6
AP	2015	884	40.2	464	21.1	6
AR	2015	107	4.9	94	4.3	7
AS	2015	1562	71	473	21.5	7
BR	2015	607	27.6	303	13.8	7
CG	2015	1546	70.3	853	38.8	7
DL	2015	596	27.1	281	12.8	7
GA	2015	2024	92	1188	54	7
GJ	2015	959	43.6	880	40	7
HR	2015	1689	76.8	4	0.2	7
HP	2015	1724	78.4	385	17.5	7
JK	2015	63	2.9	39	1.8	7
JH	2015	649	29.5	360	16.4	7
KA	2015	805	36.6	805	36.6	7
KL	2015	1590	72.3	842	38.3	7
LD	2015	1284	58.4	41	1.9	7
MP	2015	1757	79.9	499	22.7	7
MH	2015	1095	49.8	968	44	7
MN	2015	1245	56.6	420	19.1	7
ML	2015	1443	65.6	954	43.4	7
MZ	2015	1137	51.7	292	13.3	7
NL	2015	404	18.4	28	1.3	7
OD	2015	1817	82.6	1449	65.9	7
PY	2015	1045	47.5	580	26.4	7
PB	2015	591	26.9	413	18.8	7
RJ	2015	1595	72.5	655	29.8	7
SK	2015	1471	66.9	745	33.9	7
TN	2015	1678	76.3	1108	50.4	7
TS	2015	1304	59.3	820	37.3	7
TR	2015	79	3.6	8	0.4	7
UP	2015	404	18.4	264	12	7
UK	2015	396	18	244	11.1	7
WB	2015	33	1.5	6	0.3	7
AN	2015	72	3.3	26	1.2	7
CH	2015	2175	98.9	418	19	7
DN	2015	356	16.2	294	13.4	7
DD	2015	712	32.4	288	13.1	7
LA	2015	380	17.3	323	14.7	7
OT	2015	72	3.3	26	1.2	7
AP	2015	2175	98.9	418	19	7
AR	2015	235	10.7	22	1	8
AS	2015	624	28.4	325	14.8	8
BR	2015	129	5.9	123	5.6	8
CG	2015	1025	46.6	789	35.9	8
DL	2015	1526	69.4	187	8.5	8
GA	2015	1430	65	294	13.4	8
GJ	2015	1722	78.3	1445	65.7	8
HR	2015	1764	80.2	1430	65	8
HP	2015	490	22.3	391	17.8	8
JK	2015	561	25.5	490	22.3	8
JH	2015	151	6.9	37	1.7	8
KA	2015	2072	94.2	499	22.7	8
KL	2015	1100	50	15	0.7	8
LD	2015	1135	51.6	112	5.1	8
MP	2015	209	9.5	171	7.8	8
MH	2015	1564	71.1	94	4.3	8
MN	2015	1931	87.8	1588	72.2	8
ML	2015	2072	94.2	748	34	8
MZ	2015	1456	66.2	1348	61.3	8
NL	2015	283	12.9	24	1.1	8
OD	2015	422	19.2	264	12	8
PY	2015	424	19.3	187	8.5	8
PB	2015	1328	60.4	1304	59.3	8
RJ	2015	319	14.5	257	11.7	8
SK	2015	831	37.8	107	4.9	8
TN	2015	605	27.5	158	7.2	8
TS	2015	943	42.9	486	22.1	8
TR	2015	1689	76.8	611	27.8	8
UP	2015	424	19.3	290	13.2	8
UK	2015	917	41.7	904	41.1	8
WB	2015	2043	92.9	1848	84	8
AN	2015	514	23.4	268	12.2	8
CH	2015	1093	49.7	554	25.2	8
DN	2015	679	30.9	404	18.4	8
DD	2015	2092	95.1	1980	90	8
LA	2015	950	43.2	851	38.7	8
OT	2015	283	12.9	24	1.1	8
AP	2015	422	19.2	264	12	8
AR	2014	4104	114	1789	49.7	1
AS	2014	453	12.6	82	2.3	1
BR	2014	1731	48.1	414	11.5	1
CG	2014	4924	136.8	637	17.7	1
DL	2014	5040	140	651	18.1	1
GA	2014	1670	46.4	291	8.1	1
GJ	2014	18158	504.4	4312	119.8	1
HR	2014	6768	188	2498	69.4	1
HP	2014	1191	33.1	453	12.6	1
JK	2014	756	21	356	9.9	1
JH	2014	1670	46.4	248	6.9	1
KA	2014	10281	285.6	3434	95.4	1
KL	2014	5108	141.9	770	21.4	1
LD	2014	6789	188.6	2379	66.1	1
MP	2014	105987	2944.1	11142	309.5	1
MH	2014	284	7.9	18	0.5	1
MN	2014	561	15.6	46	1.3	1
ML	2014	363	10.1	140	3.9	1
MZ	2014	360	10	28	0.8	1
NL	2014	7286	202.4	1220	33.9	1
OD	2014	3704	102.9	1648	45.8	1
PY	2014	9032	250.9	4860	135	1
PB	2014	61	1.7	21	0.6	1
RJ	2014	5428	150.8	3582	99.5	1
SK	2014	5594	155.4	3308	91.9	1
TN	2014	198	5.5	54	1.5	1
TS	2014	11347	315.2	3718	103.3	1
TR	2014	540	15	252	7	1
UP	2014	26528	736.9	6854	190.4	1
UK	2014	194	5.4	14	0.4	1
WB	2014	352	9.8	151	4.2	1
AN	2014	183	5.1	18	0.5	1
CH	2014	36	1	10	0.3	1
DN	2014	23709	658.6	1234	34.3	1
DD	2014	3	0.1	0	0	1
LA	2014	129	3.6	79	2.2	1
OT	2014	23709	658.6	1234	34.3	1
AP	2014	3	0.1	0	0	1
AR	2014	2872	79.8	900	25	2
AS	2014	176	4.9	122	3.4	2
BR	2014	680	18.9	144	4	2
CG	2014	2534	70.4	1508	41.9	2
DL	2014	457	12.7	295	8.2	2
GA	2014	3002	83.4	1692	47	2
GJ	2014	5788	160.8	2127	59.1	2
HR	2014	309	8.6	28	0.8	2
HP	2014	108	3	21	0.6	2
JK	2014	100	2.8	39	1.1	2
JH	2014	136	3.8	25	0.7	2
KA	2014	6199	172.2	320	8.9	2
KL	2014	1792	49.8	565	15.7	2
LD	2014	4982	138.4	2408	66.9	2
MP	2014	0	0	0	0	2
MH	2014	1238	34.4	871	24.2	2
MN	2014	907	25.2	594	16.5	2
ML	2014	54	1.5	21	0.6	2
MZ	2014	5277	146.6	1058	29.4	2
NL	2014	378	10.5	284	7.9	2
OD	2014	925	25.7	370	10.3	2
PY	2014	0	0	0	0	2
PB	2014	93	2.6	32	0.9	2
RJ	2014	25	0.7	3	0.1	2
SK	2014	11865	329.6	1310	36.4	2
TN	2014	424	11.8	216	6	2
TS	2014	3	0.1	3	0.1	2
TR	2014	0	0	0	0	2
UP	2014	36	1	18	0.5	2
UK	2014	248	6.9	118	3.3	2
WB	2014	25	0.7	7	0.2	2
AN	2014	176	4.9	50	1.4	2
CH	2014	320	8.9	61	1.7	2
DN	2014	187	5.2	68	1.9	2
DD	2014	68	1.9	36	1	2
LA	2014	216	6	97	2.7	2
OT	2014	25	0.7	7	0.2	2
AP	2014	176	4.9	50	1.4	2
AR	2014	489	13.6	158	4.4	3
AS	2014	28	0.8	18	0.5	3
BR	2014	50	1.4	10	0.3	3
CG	2014	738	20.5	248	6.9	3
DL	2014	158	4.4	61	1.7	3
GA	2014	540	15	327	9.1	3
GJ	2014	1800	50	734	20.4	3
HR	2014	158	4.4	3	0.1	3
HP	2014	39	1.1	0	0	3
JK	2014	28	0.8	7	0.2	3
JH	2014	3	0.1	0	0	3
KA	2014	50	1.4	10	0.3	3
KL	2014	273	7.6	104	2.9	3
LD	2014	190	5.3	72	2	3
MP	2014	0	0	0	0	3
MH	2014	410	11.4	280	7.8	3
MN	2014	270	7.5	136	3.8	3
ML	2014	28	0.8	3	0.1	3
MZ	2014	133	3.7	50	1.4	3
NL	2014	10	0.3	7	0.2	3
OD	2014	111	3.1	46	1.3	3
PY	2014	0	0	0	0	3
PB	2014	21	0.6	10	0.3	3
RJ	2014	90	2.5	86	2.4	3
SK	2014	2912	80.9	342	9.5	3
TN	2014	36	1	14	0.4	3
TS	2014	0	0	0	0	3
TR	2014	0	0	0	0	3
UP	2014	0	0	0	0	3
UK	2014	2286	63.5	1123	31.2	3
WB	2014	50	1.4	14	0.4	3
AN	2014	550	15.3	86	2.4	3
CH	2014	1306	36.3	313	8.7	3
DN	2014	673	18.7	230	6.4	3
DD	2014	118	3.3	18	0.5	3
LA	2014	3240	90	1015	28.2	3
OT	2014	10	0.3	7	0.2	3
AP	2014	111	3.1	46	1.3	3
AR	2014	3535	98.2	2160	60	4
AS	2014	3240	90	219	6.1	4
BR	2014	3189	88.6	2941	81.7	4
CG	2014	1728	48	248	6.9	4
DL	2014	3132	87	183	5.1	4
GA	2014	396	11	46	1.3	4
GJ	2014	187	5.2	39	1.1	4
HR	2014	874	24.3	514	14.3	4
HP	2014	2768	76.9	835	23.2	4
JK	2014	1836	51	90	2.5	4
JH	2014	799	22.2	237	6.6	4
KA	2014	1504	41.8	788	21.9	4
KL	2014	1400	38.9	849	23.6	4
LD	2014	1090	30.3	216	6	4
MP	2014	3074	85.4	3016	83.8	4
MH	2014	288	8	158	4.4	4
MN	2014	2635	73.2	1634	45.4	4
ML	2014	450	12.5	68	1.9	4
MZ	2014	2613	72.6	1778	49.4	4
NL	2014	3247	90.2	2329	64.7	4
OD	2014	1303	36.2	968	26.9	4
PY	2014	1962	54.5	1425	39.6	4
PB	2014	1285	35.7	547	15.2	4
RJ	2014	2808	78	662	18.4	4
SK	2014	338	9.4	165	4.6	4
TN	2014	381	10.6	7	0.2	4
TS	2014	1486	41.3	1263	35.1	4
TR	2014	129	3.6	21	0.6	4
UP	2014	2606	72.4	280	7.8	4
UK	2014	1425	39.6	640	17.8	4
WB	2014	0	0	0	0	4
AN	2014	3178	88.3	1378	38.3	4
CH	2014	1843	51.2	1267	35.2	4
DN	2014	3124	86.8	2390	66.4	4
DD	2014	2178	60.5	241	6.7	4
LA	2014	2941	81.7	1443	40.1	4
OT	2014	3247	90.2	2329	64.7	4
AP	2014	1303	36.2	968	26.9	4
AR	2014	1162	32.3	964	26.8	5
AS	2014	1537	42.7	1044	29	5
BR	2014	2815	78.2	1375	38.2	5
CG	2014	2865	79.6	612	17	5
DL	2014	3477	96.6	2851	79.2	5
GA	2014	1213	33.7	93	2.6	5
GJ	2014	3477	96.6	1065	29.6	5
HR	2014	2530	70.3	1148	31.9	5
HP	2014	2559	71.1	1864	51.8	5
JK	2014	1710	47.5	1155	32.1	5
JH	2014	1893	52.6	1674	46.5	5
KA	2014	889	24.7	835	23.2	5
KL	2014	1209	33.6	993	27.6	5
LD	2014	615	17.1	32	0.9	5
MP	2014	1126	31.3	403	11.2	5
MH	2014	921	25.6	684	19	5
MN	2014	32	0.9	28	0.8	5
ML	2014	766	21.3	288	8	5
MZ	2014	363	10.1	129	3.6	5
NL	2014	3448	95.8	1720	47.8	5
OD	2014	950	26.4	871	24.2	5
PY	2014	2890	80.3	288	8	5
PB	2014	3416	94.9	1918	53.3	5
RJ	2014	2163	60.1	867	24.1	5
SK	2014	2530	70.3	2268	63	5
TN	2014	2556	71	2448	68	5
TS	2014	759	21.1	57	1.6	5
TR	2014	903	25.1	334	9.3	5
UP	2014	2512	69.8	10	0.3	5
UK	2014	3294	91.5	558	15.5	5
WB	2014	2440	67.8	763	21.2	5
AN	2014	280	7.8	273	7.6	5
CH	2014	2048	56.9	1519	42.2	5
DN	2014	169	4.7	75	2.1	5
DD	2014	3405	94.6	2527	70.2	5
LA	2014	2246	62.4	496	13.8	5
OT	2014	2890	80.3	288	8	5
AP	2014	3416	94.9	1918	53.3	5
AR	2014	532	14.8	255	7.1	6
AS	2014	932	25.9	874	24.3	6
BR	2014	2275	63.2	734	20.4	6
CG	2014	590	16.4	424	11.8	6
DL	2014	1738	48.3	558	15.5	6
GA	2014	1818	50.5	266	7.4	6
GJ	2014	576	16	216	6	6
HR	2014	313	8.7	39	1.1	6
HP	2014	3513	97.6	2134	59.3	6
JK	2014	655	18.2	370	10.3	6
JH	2014	1886	52.4	601	16.7	6
KA	2014	597	16.6	482	13.4	6
KL	2014	1371	38.1	338	9.4	6
LD	2014	25	0.7	21	0.6	6
MP	2014	720	20	406	11.3	6
MH	2014	975	27.1	651	18.1	6
MN	2014	3592	99.8	763	21.2	6
ML	2014	2322	64.5	842	23.4	6
MZ	2014	295	8.2	111	3.1	6
NL	2014	208	5.8	54	1.5	6
OD	2014	3088	85.8	842	23.4	6
PY	2014	1778	49.4	694	19.3	6
PB	2014	61	1.7	21	0.6	6
RJ	2014	1072	29.8	129	3.6	6
SK	2014	900	25	781	21.7	6
TN	2014	1008	28	651	18.1	6
TS	2014	1123	31.2	612	17	6
TR	2014	590	16.4	442	12.3	6
UP	2014	2332	64.8	1864	51.8	6
UK	2014	792	22	349	9.7	6
WB	2014	673	18.7	14	0.4	6
AN	2014	1882	52.3	1220	33.9	6
CH	2014	208	5.8	39	1.1	6
DN	2014	594	16.5	496	13.8	6
DD	2014	766	21.3	306	8.5	6
LA	2014	1591	44.2	788	21.9	6
OT	2014	792	22	349	9.7	6
AP	2014	673	18.7	14	0.4	6
AR	2014	1659	46.1	1069	29.7	7
AS	2014	2206	61.3	2181	60.6	7
BR	2014	1216	33.8	547	15.2	7
CG	2014	14	0.4	7	0.2	7
DL	2014	2865	79.6	1681	46.7	7
GA	2014	3060	85	1753	48.7	7
GJ	2014	356	9.9	50	1.4	7
HR	2014	147	4.1	61	1.7	7
HP	2014	406	11.3	248	6.9	7
JK	2014	3229	89.7	2764	76.8	7
JH	2014	2998	83.3	1263	35.1	7
KA	2014	1195	33.2	0	0	7
KL	2014	2836	78.8	2768	76.9	7
LD	2014	2613	72.6	2502	69.5	7
MP	2014	2750	76.4	244	6.8	7
MH	2014	2656	73.8	180	5	7
MN	2014	25	0.7	10	0.3	7
ML	2014	3067	85.2	2091	58.1	7
MZ	2014	3553	98.7	25	0.7	7
NL	2014	2970	82.5	1494	41.5	7
OD	2014	3474	96.5	1958	54.4	7
PY	2014	2250	62.5	802	22.3	7
PB	2014	2826	78.5	2332	64.8	7
RJ	2014	702	19.5	396	11	7
SK	2014	770	21.4	370	10.3	7
TN	2014	1141	31.7	608	16.9	7
TS	2014	3232	89.8	3	0.1	7
TR	2014	1720	47.8	500	13.9	7
UP	2014	295	8.2	82	2.3	7
UK	2014	3556	98.8	2401	66.7	7
WB	2014	1238	34.4	817	22.7	7
AN	2014	1281	35.6	338	9.4	7
CH	2014	226	6.3	32	0.9	7
DN	2014	1090	30.3	709	19.7	7
DD	2014	3600	100	1904	52.9	7
LA	2014	1540	42.8	1177	32.7	7
OT	2014	3600	100	1904	52.9	7
AP	2014	1540	42.8	1177	32.7	7
AR	2014	187	5.2	162	4.5	8
AS	2014	982	27.3	698	19.4	8
BR	2014	1278	35.5	1216	33.8	8
CG	2014	1148	31.9	345	9.6	8
DL	2014	3106	86.3	2160	60	8
GA	2014	2001	55.6	1512	42	8
GJ	2014	2692	74.8	122	3.4	8
HR	2014	3578	99.4	3114	86.5	8
HP	2014	3182	88.4	828	23	8
JK	2014	100	2.8	46	1.3	8
JH	2014	1443	40.1	1180	32.8	8
KA	2014	1882	52.3	1695	47.1	8
KL	2014	1188	33	468	13	8
LD	2014	1890	52.5	198	5.5	8
MP	2014	2206	61.3	896	24.9	8
MH	2014	2948	81.9	2246	62.4	8
MN	2014	2476	68.8	756	21	8
ML	2014	93	2.6	90	2.5	8
MZ	2014	2404	66.8	183	5.1	8
NL	2014	2559	71.1	1764	49	8
OD	2014	795	22.1	626	17.4	8
PY	2014	1389	38.6	266	7.4	8
PB	2014	1886	52.4	399	11.1	8
RJ	2014	2484	69	2070	57.5	8
SK	2014	2073	57.6	954	26.5	8
TN	2014	1969	54.7	1508	41.9	8
TS	2014	1364	37.9	1314	36.5	8
TR	2014	2408	66.9	1504	41.8	8
UP	2014	129	3.6	25	0.7	8
UK	2014	2260	62.8	2235	62.1	8
WB	2014	2030	56.4	990	27.5	8
AN	2014	2188	60.8	1857	51.6	8
CH	2014	2566	71.3	316	8.8	8
DN	2014	525	14.6	522	14.5	8
DD	2014	2253	62.6	860	23.9	8
LA	2014	1512	42	241	6.7	8
OT	2014	1389	38.6	266	7.4	8
AP	2014	1886	52.4	399	11.1	8
\.


--
-- Data for Name: temp; Type: TABLE DATA; Schema: public; Owner: ouroboros
--

COPY public.temp (su_id, sud_year, sud_cases_stolen, sud_value_stolen, sud_cases_recovered, sud_value_recovered, p_id) FROM stdin;
\.


--
-- Data for Name: user_securitypolicy; Type: TABLE DATA; Schema: public; Owner: ouroboros
--

COPY public.user_securitypolicy (u_email, sp_id) FROM stdin;
wayne@gmail.com	4
lamar@gmail.com	1
lamar@gmail.com	2
lamar@gmail.com	3
lamar@gmail.com	4
nas@gmail.com	4
nas@gmail.com	3
nas@gmail.com	2
nas@gmail.com	1
wayne@gmail.com	2
wayne@gmail.com	1
\.


--
-- Name: db_user db_user_pkey; Type: CONSTRAINT; Schema: public; Owner: ouroboros
--

ALTER TABLE ONLY public.db_user
    ADD CONSTRAINT db_user_pkey PRIMARY KEY (u_email);


--
-- Name: property property_pkey; Type: CONSTRAINT; Schema: public; Owner: ouroboros
--

ALTER TABLE ONLY public.property
    ADD CONSTRAINT property_pkey PRIMARY KEY (p_id);


--
-- Name: securitypolicy securitypolicy_pkey; Type: CONSTRAINT; Schema: public; Owner: ouroboros
--

ALTER TABLE ONLY public.securitypolicy
    ADD CONSTRAINT securitypolicy_pkey PRIMARY KEY (sp_id);


--
-- Name: state_ut_data state_ut_data_pkey; Type: CONSTRAINT; Schema: public; Owner: ouroboros
--

ALTER TABLE ONLY public.state_ut_data
    ADD CONSTRAINT state_ut_data_pkey PRIMARY KEY (su_id, sud_year, p_id);


--
-- Name: state_ut state_ut_pkey; Type: CONSTRAINT; Schema: public; Owner: ouroboros
--

ALTER TABLE ONLY public.state_ut
    ADD CONSTRAINT state_ut_pkey PRIMARY KEY (su_id);


--
-- Name: user_securitypolicy user_securitypolicy_pkey; Type: CONSTRAINT; Schema: public; Owner: ouroboros
--

ALTER TABLE ONLY public.user_securitypolicy
    ADD CONSTRAINT user_securitypolicy_pkey PRIMARY KEY (u_email, sp_id);


--
-- Name: securitypolicy_state security_for_state_sp_id_fkey; Type: FK CONSTRAINT; Schema: public; Owner: ouroboros
--

ALTER TABLE ONLY public.securitypolicy_state
    ADD CONSTRAINT security_for_state_sp_id_fkey FOREIGN KEY (sp_id) REFERENCES public.securitypolicy(sp_id);


--
-- Name: securitypolicy_state security_for_state_su_id_fkey; Type: FK CONSTRAINT; Schema: public; Owner: ouroboros
--

ALTER TABLE ONLY public.securitypolicy_state
    ADD CONSTRAINT security_for_state_su_id_fkey FOREIGN KEY (su_id) REFERENCES public.state_ut(su_id);


--
-- Name: state_ut_data state_ut_data_p_id_fkey; Type: FK CONSTRAINT; Schema: public; Owner: ouroboros
--

ALTER TABLE ONLY public.state_ut_data
    ADD CONSTRAINT state_ut_data_p_id_fkey FOREIGN KEY (p_id) REFERENCES public.property(p_id);


--
-- Name: state_ut_data state_ut_data_su_id_fkey; Type: FK CONSTRAINT; Schema: public; Owner: ouroboros
--

ALTER TABLE ONLY public.state_ut_data
    ADD CONSTRAINT state_ut_data_su_id_fkey FOREIGN KEY (su_id) REFERENCES public.state_ut(su_id);


--
-- Name: user_securitypolicy user_securitypolicy_sp_id_fkey; Type: FK CONSTRAINT; Schema: public; Owner: ouroboros
--

ALTER TABLE ONLY public.user_securitypolicy
    ADD CONSTRAINT user_securitypolicy_sp_id_fkey FOREIGN KEY (sp_id) REFERENCES public.securitypolicy(sp_id);


--
-- Name: user_securitypolicy user_securitypolicy_u_email_fkey; Type: FK CONSTRAINT; Schema: public; Owner: ouroboros
--

ALTER TABLE ONLY public.user_securitypolicy
    ADD CONSTRAINT user_securitypolicy_u_email_fkey FOREIGN KEY (u_email) REFERENCES public.db_user(u_email);


--
-- PostgreSQL database dump complete
--

